Year,Country / territory of asylum/residence,Origin,RSD procedure type / level,Tota pending start-year,of which UNHCR-assisted,Applied during year,statistics.filter.decisions_recognized,statistics.filter.decisions_other,Rejected,Otherwise closed,Total decisions,Total pending end-year,of which UNHCR-assisted
2000,United States of America,Afghanistan,G / IN,193,,218,182,,51,40,273,150,
2000,United States of America,Afghanistan,G / EO,196,,225,151,,31,68,250,171,
2000,Italy,Afghanistan,G / FA,,,524,30,,321,,351,,
2000,United Kingdom,Afghanistan,G / FI,,,5555,375,695,460,1055,2585,,
2000,United Kingdom,Afghanistan,G / BL,,,,,10,,,10,,
2000,France,Afghanistan,G / FI,,,244,156,,48,,204,,
2000,Germany,Afghanistan,G / RA,31,,5756,,31,17,55,103,5723,
2000,Germany,Afghanistan,G / NA,1198,,5380,31,721,2450,142,3344,3506,
2000,Canada,Afghanistan,G / FI,311,,488,436,,31,23,490,308,
2000,United States of America,Dem. Rep. of the Congo,G / IN,106,,260,164,,107,23,294,91,
2000,United States of America,Dem. Rep. of the Congo,G / EO,62,,64,29,,15,28,72,54,
2000,Italy,Dem. Rep. of the Congo,G / FA,,,71,51,,35,,86,,
2000,United Kingdom,Dem. Rep. of the Congo,G / FI,,,1030,145,180,610,380,1315,,
2000,United Kingdom,Dem. Rep. of the Congo,G / BL,,,,,610,,75,685,,
2000,France,Dem. Rep. of the Congo,G / FI,,,2950,353,,502,,855,,
2000,France,Dem. Rep. of the Congo,G / AR,,,405,69,,319,,388,,
2000,Germany,Dem. Rep. of the Congo,G / RA,126,,716,5,5,58,617,685,168,
2000,Germany,Dem. Rep. of the Congo,G / NA,320,,695,62,25,669,48,804,321,
2000,Canada,Dem. Rep. of the Congo,G / FI,718,,985,677,,187,46,910,793,
2000,United States of America,Myanmar,G / EO,134,,191,81,,37,64,182,143,
2000,United States of America,Myanmar,G / IN,204,,617,307,,136,49,492,342,
2000,France,Myanmar,G / FI,,,26,5,,18,,23,,
2000,Germany,Myanmar,G / RA,,,3,,,,,,3,
2000,Germany,Myanmar,G / NA,20,,136,43,,46,1,90,66,
2000,Canada,Myanmar,G / FI,15,,11,13,,2,,15,11,
2000,United States of America,Sudan,G / EO,137,,230,65,,49,88,202,165,
2000,United States of America,Sudan,G / IN,225,,560,429,,131,36,596,209,
2000,Italy,Sudan,G / FA,,,40,31,,25,,56,,
2000,United Kingdom,Sudan,G / FI,,,415,110,70,270,130,580,,
2000,United Kingdom,Sudan,G / BL,,,,,300,,20,320,,
2000,France,Sudan,G / FI,,,92,16,,33,,49,,
2000,Germany,Sudan,G / RA,15,,53,5,1,7,37,50,18,
2000,Germany,Sudan,G / NA,74,,156,5,4,139,8,156,70,
2000,Canada,Sudan,G / FI,238,,376,227,,39,16,282,332,
2000,United States of America,Syrian Arab Rep.,G / EO,117,,91,18,,18,63,99,109,
2000,United States of America,Syrian Arab Rep.,G / IN,80,,32,26,,21,20,67,59,
2000,Italy,Syrian Arab Rep.,G / FA,,,48,3,,44,,47,,
2000,France,Syrian Arab Rep.,G / FI,,,18,9,,7,,16,,
2000,Germany,Syrian Arab Rep.,G / RA,110,,428,18,2,28,424,472,98,
2000,Germany,Syrian Arab Rep.,G / NA,593,,2641,258,9,2056,63,2386,948,
2000,Canada,Syrian Arab Rep.,G / FI,120,,80,62,,35,5,102,98,
2001,United States of America,Afghanistan,G / EO,186,,225,129,,27,91,247,164,
2001,United States of America,Afghanistan,G / IN,152,,274,212,,43,19,274,166,
2001,Italy,Afghanistan,G / FA,,,299,81,2,373,,456,,
2001,United Kingdom,Afghanistan,G / FI,,,9000,2260,7370,1070,1460,12160,,
2001,France,Afghanistan,G / RA,,,,10,,,,10,,
2001,France,Afghanistan,G / FI,,,270,184,,95,,279,,
2001,Germany,Afghanistan,G / NA,3506,,5837,2656,1519,972,168,5315,5020,
2001,Germany,Afghanistan,G / RA,5723,,5584,4576,670,34,1006,6286,5037,
2001,Canada,Afghanistan,G / FI,308,,463,305,,8,43,356,406,
2001,United States of America,Dem. Rep. of the Congo,G / IN,103,,217,118,,114,15,247,78,
2001,United States of America,Dem. Rep. of the Congo,G / EO,56,,65,30,,19,22,71,50,
2001,Italy,Dem. Rep. of the Congo,G / FA,,,93,85,1,26,,112,,
2001,United Kingdom,Dem. Rep. of the Congo,G / FI,,,1395,310,330,1530,260,2430,,
2001,France,Dem. Rep. of the Congo,G / AR,,,1997,147,,1003,,1150,,
2001,France,Dem. Rep. of the Congo,G / FI,,,3781,602,,2664,,3266,,
2001,France,Dem. Rep. of the Congo,G / RA,,,48,135,,,,135,,
2001,Germany,Dem. Rep. of the Congo,G / RA,168,,315,8,17,15,222,262,218,
2001,Germany,Dem. Rep. of the Congo,G / NA,321,,859,78,45,336,38,497,746,
2001,Canada,Dem. Rep. of the Congo,G / FI,793,,1245,569,,177,55,801,1247,
2001,United States of America,Myanmar,G / EO,149,,285,120,,25,93,238,196,
2001,United States of America,Myanmar,G / IN,344,,1390,1238,,189,66,1493,269,
2001,France,Myanmar,G / FI,,,24,3,,30,,33,,
2001,France,Myanmar,G / RA,,,,5,,,,5,,
2001,Germany,Myanmar,G / RA,3,,2,,,,1,1,4,
2001,Germany,Myanmar,G / NA,66,,114,126,7,12,,145,35,
2001,Canada,Myanmar,G / FI,11,,23,9,,3,1,13,21,
2001,United States of America,Sudan,G / EO,168,,300,77,,71,85,233,235,
2001,United States of America,Sudan,G / IN,215,,613,410,,160,30,600,253,
2001,Italy,Sudan,G / FA,,,97,22,6,11,,39,,
2001,United Kingdom,Sudan,G / FI,,,390,120,50,520,75,765,,
2001,France,Sudan,G / RA,,,,7,,,,7,,
2001,France,Sudan,G / FI,,,98,57,,83,,140,,
2001,Germany,Sudan,G / NA,70,,199,5,4,111,9,129,125,
2001,Germany,Sudan,G / RA,18,,31,,,2,36,38,11,
2001,Canada,Sudan,G / FI,332,,402,241,,52,31,324,410,
2001,United States of America,Syrian Arab Rep.,G / EO,111,,88,17,,28,40,85,114,
2001,United States of America,Syrian Arab Rep.,G / IN,58,,48,17,,19,11,47,68,
2001,Italy,Syrian Arab Rep.,G / FA,,,13,,,,,,,
2001,France,Syrian Arab Rep.,G / RA,,,,10,,,,10,,
2001,France,Syrian Arab Rep.,G / FI,,,90,53,,28,,81,,
2001,Germany,Syrian Arab Rep.,G / NA,948,,2232,258,5,1900,98,2261,1012,
2001,Germany,Syrian Arab Rep.,G / RA,98,,421,14,12,20,335,381,140,
2001,Canada,Syrian Arab Rep.,G / FI,98,,124,39,,36,13,88,134,
2002,Canada,Afghanistan,G / FI,406,,204,217,,45,36,298,305,
2002,Germany,Afghanistan,G / NA,5020,,2772,21,43,6,341,411,7476,
2002,Germany,Afghanistan,G / RA,5037,,231,3,223,1,526,753,4598,
2002,France,Afghanistan,G / FI,,,260,89,,175,,264,,
2002,France,Afghanistan,G / RA,,,3,4,,,,4,,
2002,United Kingdom,Afghanistan,G / FI,,,7205,115,4765,2360,935,8175,,
2002,United Kingdom,Afghanistan,G / AR,,,,230,,1235,580,2045,,
2002,Italy,Afghanistan,G / FA,,,137,8,32,368,,408,,
2002,United States of America,Afghanistan,G / EO,172,,239,74,,57,85,216,195,
2002,United States of America,Afghanistan,G / IN,167,,141,123,,72,23,218,100,
2002,Canada,Dem. Rep. of the Congo,G / FI,1247,,649,489,,237,60,786,1122,
2002,Germany,Dem. Rep. of the Congo,G / NA,746,,1007,41,79,648,72,840,958,
2002,Germany,Dem. Rep. of the Congo,G / RA,218,,342,3,10,15,293,321,246,
2002,France,Dem. Rep. of the Congo,G / AR,,,3382,189,,1480,,1669,,
2002,France,Dem. Rep. of the Congo,G / FI,,,5260,1058,,4603,,5661,,
2002,France,Dem. Rep. of the Congo,G / RA,,,115,178,,,,178,,
2002,United Kingdom,Dem. Rep. of the Congo,G / AR,,,,520,,1035,95,1650,,
2002,United Kingdom,Dem. Rep. of the Congo,G / FI,,,2215,155,305,1390,200,2050,,
2002,Italy,Dem. Rep. of the Congo,G / FA,,,100,35,14,27,,76,,
2002,United States of America,Dem. Rep. of the Congo,G / IN,99,,385,175,,196,25,396,99,
2002,United States of America,Dem. Rep. of the Congo,G / EO,69,,153,36,,40,32,108,114,
2002,Canada,Myanmar,G / FI,21,,49,10,,2,5,17,53,
2002,Germany,Myanmar,G / NA,35,,57,25,,16,5,46,49,
2002,Germany,Myanmar,G / RA,4,,3,,,,4,4,3,
2002,France,Myanmar,G / RA,,,5,7,,,,7,,
2002,France,Myanmar,G / FI,,,8,1,,20,,21,,
2002,United States of America,Myanmar,G / IN,266,,548,310,,218,91,619,223,
2002,United States of America,Myanmar,G / EO,202,,291,126,,39,68,233,260,
2002,Canada,Sudan,G / FI,410,,189,244,,57,29,330,266,
2002,Germany,Sudan,G / RA,11,,24,3,,,25,28,8,
2002,Germany,Sudan,G / NA,125,,247,16,1,174,8,199,152,
2002,France,Sudan,G / FI,,,136,13,,55,,68,,
2002,France,Sudan,G / RA,,,3,10,,,,10,,
2002,United Kingdom,Sudan,G / FI,,,655,70,40,405,50,565,,
2002,United Kingdom,Sudan,G / AR,,,,225,,240,20,485,,
2002,Italy,Sudan,G / FA,,,867,28,25,56,,109,,
2002,United States of America,Sudan,G / IN,260,,472,360,,208,23,591,160,
2002,United States of America,Sudan,G / EO,244,,359,86,,95,118,299,304,
2002,Canada,Syrian Arab Rep.,G / FI,134,,113,51,,35,19,105,142,
2002,Germany,Syrian Arab Rep.,G / NA,1012,,1829,157,7,1514,101,1779,1137,
2002,Germany,Syrian Arab Rep.,G / RA,140,,345,22,3,17,300,342,142,
2002,France,Syrian Arab Rep.,G / RA,,,,3,,,,3,,
2002,France,Syrian Arab Rep.,G / FI,,,30,20,,23,,43,,
2002,Italy,Syrian Arab Rep.,G / FA,,,92,17,1,41,,59,,
2002,United States of America,Syrian Arab Rep.,G / EO,121,,116,10,,27,61,98,139,
2002,United States of America,Syrian Arab Rep.,G / IN,61,,47,20,,29,9,58,51,
2003,United States of America,Afghanistan,G / EO,195,,138,70,,51,61,182,151,
2003,United States of America,Afghanistan,G / IN,101,,52,18,,29,42,89,69,
2003,Canada,Afghanistan,G / FI,305,,151,202,,22,29,253,175,
2003,Germany,Afghanistan,G / RA,4598,,199,30,153,482,3432,4097,824,
2003,Germany,Afghanistan,G / NA,7476,,1473,46,237,6686,386,7355,1705,
2003,France,Afghanistan,G / FI,,,353,66,,284,,350,,
2003,France,Afghanistan,G / RA,,,2,23,,,,23,,
2003,United Kingdom,Afghanistan,G / FI,,,2591,84,601,3266,661,4612,,
2003,United Kingdom,Afghanistan,G / AR,,,,695,,4415,440,5550,,
2003,Italy,Afghanistan,G / FA,,,70,3,,181,,184,,
2003,United States of America,Dem. Rep. of the Congo,G / IN,120,,215,73,,159,22,254,84,
2003,United States of America,Dem. Rep. of the Congo,G / EO,114,,99,38,,69,25,132,81,
2003,Canada,Dem. Rep. of the Congo,G / FI,1122,,435,577,,384,65,1026,529,
2003,Germany,Dem. Rep. of the Congo,G / RA,246,,359,3,7,24,415,449,153,
2003,Germany,Dem. Rep. of the Congo,G / NA,958,,615,41,82,1096,47,1266,329,
2003,France,Dem. Rep. of the Congo,G / AR,,,5008,305,,2465,,2770,,
2003,France,Dem. Rep. of the Congo,G / FI,,,5093,845,,7315,,8160,,
2003,France,Dem. Rep. of the Congo,G / RA,,,218,296,,,,296,,
2003,United Kingdom,Dem. Rep. of the Congo,G / AR,,,,720,,1915,110,2745,,
2003,United Kingdom,Dem. Rep. of the Congo,G / FI,,,1919,126,226,1979,172,2503,,
2003,Italy,Dem. Rep. of the Congo,G / FA,,,60,51,,57,,108,,
2003,United States of America,Myanmar,G / IN,230,,368,184,,166,84,434,181,
2003,United States of America,Myanmar,G / EO,260,,296,118,,70,95,283,273,
2003,Canada,Myanmar,G / FI,53,,15,24,,9,1,34,34,
2003,Germany,Myanmar,G / NA,49,,93,18,2,61,2,83,59,
2003,Germany,Myanmar,G / RA,3,,10,,,,6,6,7,
2003,France,Myanmar,G / FI,,,18,11,,11,,22,,
2003,France,Myanmar,G / RA,,,7,5,,,,5,,
2003,United Kingdom,Myanmar,G / FI,,,142,34,8,106,15,163,,
2003,United States of America,Sudan,G / IN,173,,150,94,,91,25,210,118,
2003,United States of America,Sudan,G / EO,304,,202,96,,114,69,279,227,
2003,Canada,Sudan,G / FI,266,,128,203,,31,37,271,120,
2003,Germany,Sudan,G / RA,8,,36,5,1,,30,36,11,
2003,Germany,Sudan,G / NA,152,,307,5,1,301,23,330,108,
2003,France,Sudan,G / RA,,,1,19,,,,19,,
2003,France,Sudan,G / FI,,,406,44,,192,,236,,
2003,United Kingdom,Sudan,G / AR,,,,310,,470,40,820,,
2003,United Kingdom,Sudan,G / FI,,,1051,139,24,604,138,905,,
2003,Italy,Sudan,G / FA,,,641,44,,450,,494,,
2003,United States of America,Syrian Arab Rep.,G / EO,139,,149,25,,29,57,111,177,
2003,United States of America,Syrian Arab Rep.,G / IN,50,,43,8,,35,16,59,34,
2003,Canada,Syrian Arab Rep.,G / FI,142,,139,48,,62,8,118,162,
2003,Germany,Syrian Arab Rep.,G / RA,142,,242,20,1,14,274,309,104,
2003,Germany,Syrian Arab Rep.,G / NA,1137,,1192,117,10,1584,87,1798,599,
2003,France,Syrian Arab Rep.,G / RA,,,4,7,,,,7,,
2003,France,Syrian Arab Rep.,G / FI,,,55,6,,35,,41,,
2003,United Kingdom,Syrian Arab Rep.,G / FI,,,156,15,,142,18,175,,
2004,United States of America,Afghanistan,G / EO,154,,48,58,,35,75,168,101,
2004,United States of America,Afghanistan,G / IN,74,,24,26,,21,11,58,44,
2004,Italy,Afghanistan,G / FA,,,84,14,50,38,,102,,
2004,United Kingdom,Afghanistan,G / FI,,,1605,46,455,2116,387,3004,,
2004,United Kingdom,Afghanistan,G / AR,,,,325,,2595,150,3070,,
2004,France,Afghanistan,G / RA,,,34,28,,,,28,,
2004,France,Afghanistan,G / FI,,,164,43,,181,,224,,
2004,Germany,Afghanistan,G / RA,824,,181,49,57,112,608,826,152,
2004,Germany,Afghanistan,G / NA,1705,,918,46,232,1883,174,2335,353,
2004,Canada,Afghanistan,G / FI,175,,152,100,,34,26,160,153,
2004,United States of America,Dem. Rep. of the Congo,G / IN,104,,155,61,,95,28,184,81,
2004,United States of America,Dem. Rep. of the Congo,G / EO,86,,18,24,,27,48,99,118,
2004,Italy,Dem. Rep. of the Congo,G / FA,,,79,25,19,29,1,74,,
2004,United Kingdom,Dem. Rep. of the Congo,G / AR,,,,400,,1585,55,2040,,
2004,United Kingdom,Dem. Rep. of the Congo,G / FI,,,1826,65,190,1796,206,2257,,
2004,France,Dem. Rep. of the Congo,G / AR,,,4621,610,,4642,611,5863,,
2004,France,Dem. Rep. of the Congo,G / FI,,,3848,388,,4928,,5316,,
2004,France,Dem. Rep. of the Congo,G / RA,,,982,600,,,,600,,
2004,Germany,Dem. Rep. of the Congo,G / RA,153,,221,,4,9,283,296,72,
2004,Germany,Dem. Rep. of the Congo,G / NA,329,,351,15,26,489,18,548,138,
2004,Canada,Dem. Rep. of the Congo,G / FI,529,,394,322,,199,43,564,361,
2004,United States of America,Myanmar,G / IN,190,,253,156,,116,57,329,129,
2004,United States of America,Myanmar,G / EO,283,,113,138,,70,73,281,263,
2004,Italy,Myanmar,G / FA,,,2,1,,,,1,,
2004,United Kingdom,Myanmar,G / FI,,,66,18,2,82,6,108,,
2004,France,Myanmar,G / FI,,,28,6,,30,,36,,
2004,France,Myanmar,G / RA,,,1,3,,,,3,,
2004,Germany,Myanmar,G / RA,7,,4,,,,10,10,1,
2004,Germany,Myanmar,G / NA,59,,52,11,2,66,3,82,29,
2004,Canada,Myanmar,G / FI,34,,31,22,,1,3,26,37,
2004,United States of America,Sudan,G / EO,230,,48,67,,58,56,181,185,
2004,United States of America,Sudan,G / IN,126,,71,64,,57,10,131,69,
2004,Italy,Sudan,G / FA,,,486,38,180,424,1,643,,
2004,United Kingdom,Sudan,G / AR,,,,445,,645,45,1135,,
2004,United Kingdom,Sudan,G / FI,,,1445,130,49,1094,336,1609,,
2004,France,Sudan,G / RA,,,14,20,,,,20,,
2004,France,Sudan,G / FI,,,286,116,,311,,427,,
2004,Germany,Sudan,G / NA,108,,438,4,4,265,31,304,234,
2004,Germany,Sudan,G / RA,11,,33,2,1,1,21,25,19,
2004,Canada,Sudan,G / FI,120,,67,81,,30,5,116,71,
2004,United States of America,Syrian Arab Rep.,G / EO,177,,66,10,,50,48,108,175,
2004,United States of America,Syrian Arab Rep.,G / IN,35,,33,13,,23,3,39,32,
2004,Italy,Syrian Arab Rep.,G / FA,,,7,9,,2,,11,,
2004,United Kingdom,Syrian Arab Rep.,G / FI,,,412,19,16,273,50,358,,
2004,France,Syrian Arab Rep.,G / FI,,,52,12,,40,,52,,
2004,France,Syrian Arab Rep.,G / RA,,,8,4,,,,4,,
2004,Germany,Syrian Arab Rep.,G / RA,104,,425,9,4,22,367,402,116,
2004,Germany,Syrian Arab Rep.,G / NA,599,,768,79,8,830,137,1054,359,
2004,Canada,Syrian Arab Rep.,G / FI,162,,88,89,,62,5,156,95,
2005,France,Afghanistan,G / RA,,,29,53,,,,53,,
2005,France,Afghanistan,G / FI,,,135,23,,108,,131,,
2005,United Kingdom,Afghanistan,G / AR,,,,205,,1555,85,1845,,
2005,United Kingdom,Afghanistan,G / FI,,,1773,44,499,916,272,1731,,
2005,Italy,Afghanistan,G / FA,,,76,12,54,25,,91,,
2005,United States of America,Afghanistan,G / IN,48,,18,9,,9,10,28,39,
2005,United States of America,Afghanistan,G / EO,104,,27,33,,30,39,102,61,
2005,Germany,Afghanistan,G / NA,353,,711,29,71,680,66,846,188,
2005,Germany,Afghanistan,G / RA,152,,483,43,22,10,317,392,196,
2005,Germany,Afghanistan,G / JR,7433,,,,,,,,4697,
2005,Canada,Afghanistan,G / FI,147,,264,138,,27,22,187,224,
2005,France,Dem. Rep. of the Congo,G / RA,,,1324,836,,,,836,,
2005,France,Dem. Rep. of the Congo,G / FI,,,3022,265,,3617,,3882,,
2005,France,Dem. Rep. of the Congo,G / AR,,,3199,826,,4765,474,6065,,
2005,United Kingdom,Dem. Rep. of the Congo,G / AR,,,,305,,1360,75,1740,,
2005,United Kingdom,Dem. Rep. of the Congo,G / FI,,,1388,94,160,1154,100,1508,,
2005,Italy,Dem. Rep. of the Congo,G / FA,,,20,32,15,2,,49,,
2005,United States of America,Dem. Rep. of the Congo,G / EO,126,,17,38,,49,45,132,110,
2005,United States of America,Dem. Rep. of the Congo,G / IN,89,,92,46,,72,9,127,59,
2005,Germany,Dem. Rep. of the Congo,G / JR,1448,,,,,,,,1062,
2005,Germany,Dem. Rep. of the Congo,G / NA,138,,398,17,22,347,31,417,116,
2005,Germany,Dem. Rep. of the Congo,G / RA,72,,149,1,5,5,177,188,32,
2005,Canada,Dem. Rep. of the Congo,G / FI,356,,330,214,,97,39,350,336,
2005,France,Myanmar,G / RA,,,6,10,,,,10,,
2005,France,Myanmar,G / FI,,,12,3,,17,,20,,
2005,United Kingdom,Myanmar,G / FI,,,73,24,5,38,2,69,,
2005,United States of America,Myanmar,G / EO,272,,100,165,,47,67,279,229,
2005,United States of America,Myanmar,G / IN,134,,164,81,,91,30,202,100,
2005,Germany,Myanmar,G / JR,180,,,,,,,,182,
2005,Germany,Myanmar,G / NA,29,,40,11,,18,1,30,38,
2005,Germany,Myanmar,G / RA,1,,14,1,,,7,8,7,
2005,Canada,Myanmar,G / FI,38,,32,38,,2,1,41,29,
2005,France,Sudan,G / AR,,,235,,,,,,,
2005,France,Sudan,G / RA,,,41,99,,,,99,,
2005,France,Sudan,G / FI,,,409,92,,280,,372,,
2005,United Kingdom,Sudan,G / AR,,,,370,,865,25,1260,,
2005,United Kingdom,Sudan,G / FI,,,991,86,29,746,222,1083,,
2005,Italy,Sudan,G / FA,,,637,46,493,259,,798,,
2005,United States of America,Sudan,G / IN,74,,63,47,,31,7,85,54,
2005,United States of America,Sudan,G / EO,189,,28,55,,36,73,164,116,
2005,Germany,Sudan,G / NA,234,,187,8,1,247,22,278,58,
2005,Germany,Sudan,G / JR,531,,,,,,,,310,
2005,Germany,Sudan,G / RA,19,,17,,1,,33,34,5,
2005,Canada,Sudan,G / FI,72,,44,48,,13,7,68,48,
2005,France,Syrian Arab Rep.,G / RA,,,3,10,,,,10,,
2005,France,Syrian Arab Rep.,G / FI,,,33,7,,33,,40,,
2005,United Kingdom,Syrian Arab Rep.,G / AR,,,,120,,255,15,390,,
2005,United Kingdom,Syrian Arab Rep.,G / FI,,,388,15,29,324,64,432,,
2005,Italy,Syrian Arab Rep.,G / FA,,,3,8,4,2,,14,,
2005,United States of America,Syrian Arab Rep.,G / IN,31,,22,6,,17,6,29,28,
2005,United States of America,Syrian Arab Rep.,G / EO,181,,37,11,,43,52,106,145,
2005,Germany,Syrian Arab Rep.,G / RA,116,,433,136,8,17,296,457,95,
2005,Germany,Syrian Arab Rep.,G / NA,359,,933,77,2,751,121,951,344,
2005,Germany,Syrian Arab Rep.,G / JR,2919,,,,,,,,2449,
2005,Canada,Syrian Arab Rep.,G / FI,95,,61,49,,36,7,92,64,
2006,Canada,Afghanistan,G / FI,224,,268,162,,12,24,198,294,
2006,Germany,Afghanistan,G / JR,4697,,,,,,,,3587,
2006,Germany,Afghanistan,G / RA,196,,993,38,94,4,840,976,215,
2006,Germany,Afghanistan,G / NA,188,,531,43,69,379,45,536,197,
2006,France,Afghanistan,G / RA,,,24,25,2,,,27,,
2006,France,Afghanistan,G / FI,,,82,20,1,84,,105,,
2006,United Kingdom,Afghanistan,G / FI,,,2659,62,775,1179,371,2387,,
2006,United Kingdom,Afghanistan,G / AR,,,,135,,1055,60,1250,,
2006,Italy,Afghanistan,G / FA,,,177,51,120,86,,257,,
2006,United States of America,Afghanistan,G / IN,45,,40,22,,11,7,40,45,
2006,United States of America,Afghanistan,G / EO,73,,26,24,,9,26,59,61,
2006,Canada,Dem. Rep. of the Congo,G / FI,336,,417,203,,108,11,322,431,
2006,Germany,Dem. Rep. of the Congo,G / NA,116,,227,9,16,198,44,267,76,
2006,Germany,Dem. Rep. of the Congo,G / JR,1062,,,,,,,,655,
2006,Germany,Dem. Rep. of the Congo,G / RA,32,,116,4,2,1,121,128,19,
2006,France,Dem. Rep. of the Congo,G / RA,,,869,255,14,,,269,,
2006,France,Dem. Rep. of the Congo,G / AR,,,2523,256,15,1805,,2076,,
2006,France,Dem. Rep. of the Congo,G / FI,,,2283,235,4,2663,,2902,,
2006,United Kingdom,Dem. Rep. of the Congo,G / AR,,,,160,,465,35,660,,
2006,United Kingdom,Dem. Rep. of the Congo,G / FI,,,709,60,83,559,70,772,,
2006,Italy,Dem. Rep. of the Congo,G / FA,,,13,23,23,1,,47,,
2006,United States of America,Dem. Rep. of the Congo,G / EO,112,,12,27,,36,35,98,62,
2006,United States of America,Dem. Rep. of the Congo,G / IN,66,,74,37,,40,11,88,53,
2006,Canada,Myanmar,G / FI,29,,23,26,,3,,29,23,
2006,Germany,Myanmar,G / RA,7,,7,6,5,,1,12,2,
2006,Germany,Myanmar,G / JR,182,,,,,,,,89,
2006,Germany,Myanmar,G / NA,38,,128,130,1,2,,133,32,
2006,France,Myanmar,G / FI,,,27,4,,25,,29,,
2006,France,Myanmar,G / RA,,,9,7,,,,7,,
2006,United Kingdom,Myanmar,G / FI,,,88,29,6,43,1,79,,
2006,Italy,Myanmar,G / FA,,,5,,2,3,,5,,
2006,United States of America,Myanmar,G / EO,243,,122,153,,40,65,258,184,
2006,United States of America,Myanmar,G / IN,107,,169,94,,62,42,198,84,
2006,Canada,Sudan,G / FI,48,,48,32,,3,10,45,51,
2006,Germany,Sudan,G / RA,5,,22,1,,2,19,22,5,
2006,Germany,Sudan,G / NA,58,,88,5,,50,5,60,52,
2006,Germany,Sudan,G / JR,310,,,,,,,,159,
2006,France,Sudan,G / FI,,,452,114,,220,,334,,
2006,France,Sudan,G / RA,,,40,78,2,,,80,,
2006,United Kingdom,Sudan,G / FI,,,752,35,40,430,142,647,,
2006,United Kingdom,Sudan,G / AR,,,,130,,385,20,535,,
2006,Italy,Sudan,G / FA,,,308,82,243,251,,576,,
2006,United States of America,Sudan,G / IN,59,,94,36,,39,11,86,67,
2006,United States of America,Sudan,G / EO,124,,39,44,,27,53,124,91,
2006,Canada,Syrian Arab Rep.,G / FI,64,,40,42,,12,9,63,41,
2006,Germany,Syrian Arab Rep.,G / RA,95,,221,38,6,14,181,239,78,
2006,Germany,Syrian Arab Rep.,G / JR,2449,,,,,,,,1838,
2006,Germany,Syrian Arab Rep.,G / NA,344,,609,69,3,568,110,750,201,
2006,France,Syrian Arab Rep.,G / RA,,,3,5,,,,5,,
2006,France,Syrian Arab Rep.,G / FI,,,21,4,,22,,26,,
2006,United Kingdom,Syrian Arab Rep.,G / FI,,,183,25,16,131,30,202,,
2006,United Kingdom,Syrian Arab Rep.,G / AR,,,,35,,120,5,160,,
2006,Italy,Syrian Arab Rep.,G / FA,,,15,11,4,13,,28,,
2006,United States of America,Syrian Arab Rep.,G / IN,29,,24,9,,14,13,36,20,
2006,United States of America,Syrian Arab Rep.,G / EO,150,,47,19,,31,36,86,142,
2007,Canada,Afghanistan,G / FA,289,,308,121,,29,26,176,405,
2007,Germany,Afghanistan,G / JR,3175,,,,,,,,1938,
2007,Germany,Afghanistan,G / RA,215,,236,38,58,8,239,343,117,
2007,Germany,Afghanistan,G / NA,197,,338,34,69,222,52,377,168,
2007,France,Afghanistan,G / RA,,,17,23,2,,,25,,
2007,France,Afghanistan,G / FI,,,184,36,1,82,,119,,
2007,United Kingdom,Afghanistan,G / FI,,,2838,137,810,1309,505,2761,,
2007,United Kingdom,Afghanistan,G / AR,,,,205,,1100,90,1395,,
2007,Italy,Afghanistan,G / BL,,,,6,7,,22,35,,
2007,Italy,Afghanistan,G / FI,,,663,151,501,11,,663,,
2007,United States of America,Afghanistan,G / EO,30,,22,10,,5,19,34,21,
2007,United States of America,Afghanistan,G / IN,50,,69,51,,16,6,73,52,
2007,Canada,Dem. Rep. of the Congo,G / FA,426,,356,160,,76,13,249,532,
2007,Germany,Dem. Rep. of the Congo,G / JR,560,,,,,,,,362,
2007,Germany,Dem. Rep. of the Congo,G / RA,19,,56,1,,,43,44,31,
2007,Germany,Dem. Rep. of the Congo,G / NA,76,,194,7,11,94,37,149,125,
2007,France,Dem. Rep. of the Congo,G / RA,,,389,284,28,,,312,,
2007,France,Dem. Rep. of the Congo,G / FI,,,2154,205,7,1874,,2086,,
2007,France,Dem. Rep. of the Congo,G / AR,,,1802,285,28,1364,304,1981,,
2007,United Kingdom,Dem. Rep. of the Congo,G / AR,,,,120,,315,20,455,,
2007,United Kingdom,Dem. Rep. of the Congo,G / FI,,,457,106,64,386,54,610,,
2007,Italy,Dem. Rep. of the Congo,G / BL,,,,3,6,2,7,18,,
2007,Italy,Dem. Rep. of the Congo,G / FI,,,37,12,21,4,,37,,
2007,United States of America,Dem. Rep. of the Congo,G / EO,37,,9,15,,8,9,32,25,
2007,United States of America,Dem. Rep. of the Congo,G / IN,68,,57,39,,29,14,82,44,
2007,Canada,Myanmar,G / FA,22,,21,13,,4,,17,26,
2007,Germany,Myanmar,G / JR,55,,,,,,,,49,
2007,Germany,Myanmar,G / NA,32,,130,97,1,34,1,133,29,
2007,Germany,Myanmar,G / RA,2,,2,2,,,2,4,,
2007,France,Myanmar,G / FI,,,20,4,,22,,26,,
2007,France,Myanmar,G / RA,,,7,6,,,,6,,
2007,United Kingdom,Myanmar,G / FI,,,226,111,22,62,5,200,,
2007,United States of America,Myanmar,G / EO,123,,87,47,,17,28,92,109,
2007,United States of America,Myanmar,G / IN,89,,200,112,,72,29,213,81,
2007,Canada,Sudan,G / FA,46,,50,33,,,3,36,60,
2007,Germany,Sudan,G / NA,52,,63,13,,35,10,58,30,
2007,Germany,Sudan,G / RA,5,,11,,,2,10,12,5,
2007,Germany,Sudan,G / JR,102,,,,,,,,71,
2007,France,Sudan,G / AR,,,267,,,,,,,
2007,France,Sudan,G / FI,,,404,160,,322,,482,,
2007,France,Sudan,G / RA,,,13,54,3,,,57,,
2007,United Kingdom,Sudan,G / FI,,,410,89,17,304,69,479,,
2007,United Kingdom,Sudan,G / AR,,,,125,,210,25,360,,
2007,Italy,Sudan,G / FI,,,383,121,221,41,,383,,
2007,Italy,Sudan,G / BL,,,,13,175,16,141,345,,
2007,United States of America,Sudan,G / IN,74,,118,73,,48,7,128,67,
2007,United States of America,Sudan,G / EO,66,,30,10,,5,24,39,83,
2007,Canada,Syrian Arab Rep.,G / FA,43,,67,5,,7,10,22,88,
2007,Germany,Syrian Arab Rep.,G / JR,1559,,,,,,,,1035,
2007,Germany,Syrian Arab Rep.,G / NA,201,,634,63,2,409,89,563,279,
2007,Germany,Syrian Arab Rep.,G / RA,78,,201,35,13,12,126,186,100,
2007,France,Syrian Arab Rep.,G / FI,,,45,3,,19,,22,,
2007,France,Syrian Arab Rep.,G / RA,,,3,6,3,,,9,,
2007,United Kingdom,Syrian Arab Rep.,G / FI,,,185,31,12,113,32,188,,
2007,United Kingdom,Syrian Arab Rep.,G / AR,,,,35,,85,5,125,,
2007,Italy,Syrian Arab Rep.,G / FI,,,27,13,11,3,,27,,
2007,Italy,Syrian Arab Rep.,G / BL,,,,1,1,1,1,4,,
2007,United States of America,Syrian Arab Rep.,G / IN,20,,29,10,,21,1,32,18,
2007,United States of America,Syrian Arab Rep.,G / EO,64,,23,10,,8,14,32,60,
2008,Canada,Afghanistan,G / FI,405,,488,230,,10,40,280,613,
2008,Germany,Afghanistan,G / NA,168,,657,46,51,64,73,234,594,
2008,Germany,Afghanistan,G / JR,1938,,,,,,,,1002,
2008,Germany,Afghanistan,G / RA,117,,174,36,45,3,80,164,133,
2008,France,Afghanistan,G / RA,,,18,,,,,,,
2008,France,Afghanistan,G / FI,,,263,90,14,146,,250,,
2008,United Kingdom,Afghanistan,G / AR,,,,165,,635,65,865,,
2008,United Kingdom,Afghanistan,G / FI,,,3724,154,892,843,985,2874,,
2008,Italy,Afghanistan,G / FI,,,1732,208,969,582,22,1781,,
2008,United States of America,Afghanistan,G / EO,25,,22,11,,2,2,15,27,
2008,United States of America,Afghanistan,G / IN,60,,57,67,,11,3,81,36,
2008,Canada,Dem. Rep. of the Congo,G / FI,532,,425,144,,63,21,228,729,
2008,Germany,Dem. Rep. of the Congo,G / NA,125,,190,6,13,31,34,84,239,
2008,Germany,Dem. Rep. of the Congo,G / JR,362,,,,,,,,191,
2008,Germany,Dem. Rep. of the Congo,G / RA,31,,31,,1,,14,15,46,
2008,France,Dem. Rep. of the Congo,G / RA,,,377,,,,,,,
2008,France,Dem. Rep. of the Congo,G / FI,,,2543,744,54,1668,,2466,,
2008,United Kingdom,Dem. Rep. of the Congo,G / AR,,,,35,,95,15,145,,
2008,United Kingdom,Dem. Rep. of the Congo,G / FI,,,400,72,28,200,28,328,,
2008,Italy,Dem. Rep. of the Congo,G / FI,,,51,15,14,14,2,45,,
2008,United States of America,Dem. Rep. of the Congo,G / IN,49,,75,39,,44,13,96,30,
2008,United States of America,Dem. Rep. of the Congo,G / EO,22,,8,12,,8,6,26,31,
2008,Canada,Myanmar,G / FI,26,,12,7,,1,,8,30,
2008,Germany,Myanmar,G / NA,29,,83,72,,3,,75,31,
2008,Germany,Myanmar,G / JR,49,,,,,,,,35,
2008,Germany,Myanmar,G / RA,,,2,,,,,,2,
2008,France,Myanmar,G / RA,,,7,,,,,,,
2008,France,Myanmar,G / FI,,,20,20,,22,,42,,
2008,United Kingdom,Myanmar,G / FI,,,209,119,21,57,6,203,,
2008,Italy,Myanmar,G / FI,,,7,4,1,1,,6,,
2008,United States of America,Myanmar,G / IN,85,,221,142,,76,22,240,72,
2008,United States of America,Myanmar,G / EO,101,,139,28,,9,9,46,127,
2008,Canada,Sudan,G / FI,60,,34,13,,6,4,23,71,
2008,Germany,Sudan,G / JR,71,,,,,,,,38,
2008,Germany,Sudan,G / RA,5,,14,1,,1,4,6,11,
2008,Germany,Sudan,G / NA,30,,87,2,1,14,6,23,82,
2008,France,Sudan,G / RA,,,14,,,,,,,
2008,France,Sudan,G / FI,,,399,185,9,219,,413,,
2008,United Kingdom,Sudan,G / FI,,,290,51,8,114,78,251,,
2008,United Kingdom,Sudan,G / AR,,,,40,,80,5,125,,
2008,Italy,Sudan,G / FI,,,493,121,146,126,29,422,,
2008,United States of America,Sudan,G / IN,67,,132,92,,63,9,164,37,
2008,United States of America,Sudan,G / EO,75,,31,18,,8,21,47,84,
2008,Canada,Syrian Arab Rep.,G / FI,88,,70,16,,4,5,25,133,
2008,Germany,Syrian Arab Rep.,G / JR,1035,,,,,,,,683,
2008,Germany,Syrian Arab Rep.,G / RA,100,,165,38,3,5,95,141,148,
2008,Germany,Syrian Arab Rep.,G / NA,279,,775,68,6,280,122,476,587,
2008,France,Syrian Arab Rep.,G / RA,,,3,,,,,,,
2008,France,Syrian Arab Rep.,G / FI,,,32,19,1,24,,44,,
2008,United Kingdom,Syrian Arab Rep.,G / FI,,,182,20,10,84,20,134,,
2008,United Kingdom,Syrian Arab Rep.,G / AR,,,,30,,55,5,90,,
2008,Italy,Syrian Arab Rep.,G / FI,,,55,10,17,6,1,34,,
2008,United States of America,Syrian Arab Rep.,G / IN,20,,33,17,,21,7,45,12,
2008,United States of America,Syrian Arab Rep.,G / EO,61,,42,7,,8,12,27,60,
2009,Canada,Afghanistan,G / FI,582,,445,275,,18,44,337,690,
2009,Germany,Afghanistan,G / NA,594,,3375,256,608,417,163,1444,2513,
2009,Germany,Afghanistan,G / JR,1002,,,,,,,,1278,
2009,Germany,Afghanistan,G / RA,133,,144,38,50,5,87,180,100,
2009,France,Afghanistan,G / FI,,,688,121,14,227,,362,,
2009,France,Afghanistan,G / RA,,,27,18,14,,,32,,
2009,United Kingdom,Afghanistan,G / FI,,,3539,220,1227,1388,1144,3979,,
2009,United Kingdom,Afghanistan,G / AR,,,,330,,1145,100,1575,,
2009,Italy,Afghanistan,G / FI,,,711,214,526,111,73,924,,
2009,United States of America,Afghanistan,G / IN,42,,70,64,,2,15,81,33,
2009,United States of America,Afghanistan,G / EO,27,,31,7,,6,22,35,27,
2009,Canada,Dem. Rep. of the Congo,G / FI,683,,298,178,,88,20,286,695,
2009,Germany,Dem. Rep. of the Congo,G / NA,239,,156,12,31,63,22,128,267,
2009,Germany,Dem. Rep. of the Congo,G / JR,191,,,,,,,,198,
2009,Germany,Dem. Rep. of the Congo,G / RA,46,,28,,1,,28,29,43,
2009,France,Dem. Rep. of the Congo,G / RA,,,365,253,25,,,278,,
2009,France,Dem. Rep. of the Congo,G / FI,,,2800,338,5,2076,,2419,,
2009,United Kingdom,Dem. Rep. of the Congo,G / AR,,,,30,,110,15,155,,
2009,United Kingdom,Dem. Rep. of the Congo,G / FI,,,255,45,28,247,18,338,,
2009,Italy,Dem. Rep. of the Congo,G / FI,,,54,27,10,11,1,49,,
2009,United States of America,Dem. Rep. of the Congo,G / IN,33,,62,37,,9,31,77,20,
2009,United States of America,Dem. Rep. of the Congo,G / EO,31,,33,19,,13,10,42,31,
2009,Canada,Myanmar,G / FI,30,,9,22,,2,,24,15,
2009,Germany,Myanmar,G / NA,31,,65,47,,13,3,63,42,
2009,Germany,Myanmar,G / JR,35,,,,,,,,27,
2009,Germany,Myanmar,G / RA,2,,,1,,,1,2,,
2009,France,Myanmar,G / FI,,,35,8,1,10,,19,,
2009,France,Myanmar,G / RA,,,4,10,,,,10,,
2009,United Kingdom,Myanmar,G / FI,,,223,113,13,107,2,235,,
2009,Italy,Myanmar,G / FI,,,6,1,3,1,,5,,
2009,United States of America,Myanmar,G / IN,76,,218,165,,11,88,264,36,
2009,United States of America,Myanmar,G / EO,127,,70,108,,23,42,173,127,
2009,Canada,Sudan,G / FI,70,,25,23,,3,10,36,59,
2009,Germany,Sudan,G / JR,38,,,,,,,,55,
2009,Germany,Sudan,G / RA,11,,11,,1,,12,13,7,
2009,Germany,Sudan,G / NA,82,,81,10,3,13,11,37,71,
2009,France,Sudan,G / RA,,,25,84,9,,,93,,
2009,France,Sudan,G / FI,,,811,132,6,365,,503,,
2009,United Kingdom,Sudan,G / FI,,,253,101,7,161,56,325,,
2009,United Kingdom,Sudan,G / AR,,,,35,,65,25,125,,
2009,Italy,Sudan,G / FI,,,90,77,47,82,6,212,,
2009,United States of America,Sudan,G / EO,84,,51,40,,33,53,126,84,
2009,United States of America,Sudan,G / IN,44,,86,60,,6,37,103,29,
2009,Canada,Syrian Arab Rep.,G / FI,134,,84,13,,9,13,35,183,
2009,Germany,Syrian Arab Rep.,G / JR,683,,,,,,,,802,
2009,Germany,Syrian Arab Rep.,G / RA,148,,356,39,10,6,201,256,266,
2009,Germany,Syrian Arab Rep.,G / NA,587,,819,97,10,428,109,644,743,
2009,France,Syrian Arab Rep.,G / FI,,,61,8,,26,,34,,
2009,France,Syrian Arab Rep.,G / RA,,,4,2,,,,2,,
2009,United Kingdom,Syrian Arab Rep.,G / FI,,,184,42,8,135,20,205,,
2009,United Kingdom,Syrian Arab Rep.,G / AR,,,,20,,50,,70,,
2009,Italy,Syrian Arab Rep.,G / FI,,,120,54,26,21,,101,,
2009,United States of America,Syrian Arab Rep.,G / EO,60,,24,15,,12,44,71,60,
2009,United States of America,Syrian Arab Rep.,G / IN,13,,17,11,,,14,25,7,
2010,Canada,Afghanistan,G / FI,690,,399,412,,26,49,487,592,
2010,Germany,Afghanistan,G / RA,100,,158,42,31,8,79,160,102,
2010,Germany,Afghanistan,G / JR,1278,,,,,,,,3374,
2010,Germany,Afghanistan,G / NA,2513,,5905,525,1597,2374,351,4847,3548,
2010,France,Afghanistan,G / FI,,,772,142,14,297,,453,,
2010,France,Afghanistan,G / RA,,,22,36,50,,,86,,
2010,United Kingdom,Afghanistan,G / FI,,,1843,216,614,1441,571,2842,,
2010,United Kingdom,Afghanistan,G / RA,,,139,1,,2,19,22,,
2010,Italy,Afghanistan,G / FI,,,873,176,480,68,,724,304,
2010,United States of America,Afghanistan,G / IN,36,,113,81,,3,19,103,46,
2010,United States of America,Afghanistan,G / EO,27,,43,6,,10,23,39,,
2010,Canada,Dem. Rep. of the Congo,G / FI,695,,288,207,,73,17,297,682,
2010,Germany,Dem. Rep. of the Congo,G / RA,43,,26,4,6,1,37,48,20,
2010,Germany,Dem. Rep. of the Congo,G / JR,198,,,,,,,,285,
2010,Germany,Dem. Rep. of the Congo,G / NA,267,,152,31,33,175,20,259,160,
2010,France,Dem. Rep. of the Congo,G / RA,,,281,325,26,,,351,,
2010,France,Dem. Rep. of the Congo,G / AR,,,1725,325,28,1495,,1848,,
2010,France,Dem. Rep. of the Congo,G / FI,,,3426,252,5,1828,,2085,,
2010,United Kingdom,Dem. Rep. of the Congo,G / FI,,,225,59,14,240,25,338,,
2010,United Kingdom,Dem. Rep. of the Congo,G / RA,,,22,1,,2,2,5,,
2010,Italy,Dem. Rep. of the Congo,G / FI,,,57,16,8,26,,50,19,
2010,United States of America,Dem. Rep. of the Congo,G / IN,25,,71,33,,3,38,74,23,
2010,United States of America,Dem. Rep. of the Congo,G / EO,31,,31,16,,29,26,71,,
2010,Canada,Myanmar,G / FI,15,,9,4,,2,,6,19,
2010,Germany,Myanmar,G / RA,,,1,1,,,,1,,
2010,Germany,Myanmar,G / JR,27,,,,,,,,8,
2010,Germany,Myanmar,G / NA,42,,96,52,1,2,1,56,87,
2010,France,Myanmar,G / RA,,,6,3,,,,3,,
2010,France,Myanmar,G / FI,,,85,9,,17,,26,,
2010,United Kingdom,Myanmar,G / RA,,,6,,,2,,2,,
2010,United Kingdom,Myanmar,G / FI,,,285,106,3,202,1,312,,
2010,Italy,Myanmar,G / FI,,,6,6,,1,,7,,
2010,United States of America,Myanmar,G / EO,127,,39,80,,20,55,155,,
2010,United States of America,Myanmar,G / IN,39,,201,138,,12,59,209,32,
2010,Canada,Sudan,G / FI,59,,45,35,,4,5,44,59,
2010,Germany,Sudan,G / RA,7,,4,,,1,6,7,3,
2010,Germany,Sudan,G / JR,55,,,,,,,,56,
2010,Germany,Sudan,G / NA,71,,90,6,2,9,18,35,86,
2010,France,Sudan,G / AR,,,485,,,,,,,
2010,France,Sudan,G / RA,,,20,83,10,,,93,,
2010,France,Sudan,G / FI,,,817,137,13,736,,886,,
2010,United Kingdom,Sudan,G / RA,,,59,6,,1,10,17,,
2010,United Kingdom,Sudan,G / FI,,,643,397,17,142,117,673,,
2010,Italy,Sudan,G / FI,,,38,9,8,34,,51,19,
2010,United States of America,Sudan,G / EO,84,,46,35,,25,42,102,,
2010,United States of America,Sudan,G / IN,33,,110,56,,4,43,103,41,
2010,Canada,Syrian Arab Rep.,G / FI,183,,126,56,,26,6,88,221,
2010,Germany,Syrian Arab Rep.,G / RA,266,,546,90,26,18,484,618,207,
2010,Germany,Syrian Arab Rep.,G / NA,743,,1490,230,24,1066,119,1439,793,
2010,Germany,Syrian Arab Rep.,G / JR,802,,,,,,,,1690,
2010,France,Syrian Arab Rep.,G / RA,,,3,11,,,,11,,
2010,France,Syrian Arab Rep.,G / FI,,,192,27,,85,,112,,
2010,United Kingdom,Syrian Arab Rep.,G / RA,,,6,,,2,3,5,,
2010,United Kingdom,Syrian Arab Rep.,G / FI,,,160,36,4,135,31,206,,
2010,Italy,Syrian Arab Rep.,G / FI,,,48,23,1,29,,53,29,
2010,United States of America,Syrian Arab Rep.,G / EO,60,,22,13,,17,41,71,,
2010,United States of America,Syrian Arab Rep.,G / IN,9,,36,14,,1,20,35,10,
2011,Canada,Afghanistan,G / FI,593,,373,392,,50,61,503,450,
2011,Germany,Afghanistan,G / JR,3374,,,,,,,,5874,
2011,Germany,Afghanistan,G / NA,3548,,7767,701,1493,3813,388,6395,5098,
2011,Germany,Afghanistan,G / RA,102,,187,33,31,24,91,179,115,
2011,France,Afghanistan,G / JR,,,,65,109,118,,292,,
2011,France,Afghanistan,G / FI,,,653,101,86,304,,491,,
2011,France,Afghanistan,G / RA,,,28,,,,,,,
2011,United Kingdom,Afghanistan,G / RA,,,133,,,2,10,12,,
2011,United Kingdom,Afghanistan,G / FI,924,,1529,171,280,978,446,1875,716,
2011,United Kingdom,Afghanistan,G / AR,734,,998,198,,816,69,1083,686,
2011,Italy,Afghanistan,G / FI,,,1429,165,544,370,,1079,,
2011,United States of America,Afghanistan,G / IN,46,,159,104,,1,20,125,107,
2011,United States of America,Afghanistan,G / EO,,,63,19,,25,29,73,,
2011,Canada,Dem. Rep. of the Congo,G / FI,682,,347,220,,128,43,391,630,
2011,Germany,Dem. Rep. of the Congo,G / RA,20,,24,1,1,,16,18,26,
2011,Germany,Dem. Rep. of the Congo,G / JR,285,,,,,,,,223,
2011,Germany,Dem. Rep. of the Congo,G / NA,160,,190,10,43,112,18,183,176,
2011,France,Dem. Rep. of the Congo,G / JR,,,,276,33,1723,,2032,,
2011,France,Dem. Rep. of the Congo,G / FI,,,3845,297,10,2327,,2634,,
2011,France,Dem. Rep. of the Congo,G / RA,,,265,,,,,,,
2011,United Kingdom,Dem. Rep. of the Congo,G / RA,,,10,1,1,,,2,,
2011,United Kingdom,Dem. Rep. of the Congo,G / AR,137,,109,47,,78,11,136,89,
2011,United Kingdom,Dem. Rep. of the Congo,G / FI,101,,213,43,28,114,22,207,116,
2011,Italy,Dem. Rep. of the Congo,G / FI,,,130,21,14,40,,75,,
2011,United States of America,Dem. Rep. of the Congo,G / IN,23,,93,61,,2,32,95,32,
2011,United States of America,Dem. Rep. of the Congo,G / EO,,,23,13,,16,21,50,,
2011,Canada,Myanmar,G / FI,19,,7,12,,4,1,17,9,
2011,Germany,Myanmar,G / JR,8,,,,,,,,13,
2011,Germany,Myanmar,G / NA,87,,89,83,,8,1,92,84,
2011,France,Myanmar,G / FI,,,92,2,,67,,69,,
2011,France,Myanmar,G / RA,,,6,,,,,,,
2011,France,Myanmar,G / JR,,,,4,,18,,22,,
2011,United Kingdom,Myanmar,G / AR,78,,84,64,,34,6,104,46,
2011,United Kingdom,Myanmar,G / FI,23,,193,98,2,81,2,183,33,
2011,United Kingdom,Myanmar,G / RA,,,2,,,,,,,
2011,Italy,Myanmar,G / FI,,,2,1,,1,,2,,
2011,United States of America,Myanmar,G / IN,32,,219,139,,13,61,213,62,
2011,United States of America,Myanmar,G / EO,,,27,72,,22,29,123,,
2011,Canada,Sudan,G / FI,59,,64,42,,2,7,51,71,
2011,Germany,Sudan,G / RA,3,,7,1,,,5,6,5,
2011,Germany,Sudan,G / JR,56,,,,,,,,79,
2011,Germany,Sudan,G / NA,86,,102,6,23,34,22,85,85,
2011,France,Sudan,G / FI,,,785,115,2,759,,876,,
2011,France,Sudan,G / RA,,,36,,,,,,,
2011,France,Sudan,G / JR,,,,186,43,366,,595,,
2011,United Kingdom,Sudan,G / AR,91,,104,50,,65,14,129,71,
2011,United Kingdom,Sudan,G / FI,144,,793,543,2,109,108,762,188,
2011,United Kingdom,Sudan,G / RA,,,27,,,1,6,7,,
2011,Italy,Sudan,G / FI,,,858,145,62,102,,309,,
2011,United States of America,Sudan,G / IN,41,,148,92,,12,42,146,53,
2011,United States of America,Sudan,G / EO,,,68,42,,44,48,134,,
2011,Canada,Syrian Arab Rep.,G / FI,221,,181,83,,56,14,153,251,
2011,Germany,Syrian Arab Rep.,G / RA,207,,802,106,23,1,98,228,798,
2011,Germany,Syrian Arab Rep.,G / JR,1690,,,,,,,,1325,
2011,Germany,Syrian Arab Rep.,G / NA,793,,2634,283,17,362,154,816,2590,
2011,France,Syrian Arab Rep.,G / FI,,,119,33,5,18,,56,,
2011,France,Syrian Arab Rep.,G / JR,,,,43,5,4,,52,,
2011,United Kingdom,Syrian Arab Rep.,G / AR,57,,136,47,,64,9,120,143,
2011,United Kingdom,Syrian Arab Rep.,G / FI,42,,508,141,6,192,21,360,196,
2011,United Kingdom,Syrian Arab Rep.,G / RA,,,4,,1,,,1,,
2011,Italy,Syrian Arab Rep.,G / FI,,,541,31,20,57,,108,,
2011,United States of America,Syrian Arab Rep.,G / IN,10,,206,61,,10,52,123,112,
2011,United States of America,Syrian Arab Rep.,G / EO,,,57,16,,19,30,65,,
2012,Italy,Afghanistan,G / FI,,,1495,182,625,253,,1060,1162,
2012,United States of America,Afghanistan,G / IN,108,,160,118,,4,25,147,130,
2012,United States of America,Afghanistan,G / EO,,,44,30,,13,37,80,,
2012,Canada,Afghanistan,G / FI,450,,348,302,,57,35,394,411,
2012,Germany,Afghanistan,G / RA,115,,340,34,20,12,102,168,287,
2012,Germany,Afghanistan,G / JR,5874,,,,,,,,5907,
2012,Germany,Afghanistan,G / NA,5098,,7498,755,994,2262,445,4456,8163,
2012,France,Afghanistan,G / FI,,,522,125,139,316,,580,595,
2012,France,Afghanistan,G / RA,,,50,,,,,,,
2012,France,Afghanistan,G / AR,,,315,58,162,118,,338,,
2012,United Kingdom,Afghanistan,G / AR,686,,580,172,,397,40,609,447,
2012,United Kingdom,Afghanistan,G / RA,,,113,,5,5,18,28,,
2012,United Kingdom,Afghanistan,G / FI,716,,1242,204,149,578,234,1165,815,
2012,Italy,Dem. Rep. of the Congo,G / FI,,,53,29,22,21,,72,26,
2012,United States of America,Dem. Rep. of the Congo,G / IN,31,,150,72,,6,30,108,87,
2012,United States of America,Dem. Rep. of the Congo,G / EO,,,26,13,,8,25,46,,
2012,Canada,Dem. Rep. of the Congo,G / FI,630,,337,290,,169,29,488,470,
2012,Germany,Dem. Rep. of the Congo,G / RA,26,,19,5,1,2,12,20,25,
2012,Germany,Dem. Rep. of the Congo,G / JR,223,,,,,,,,140,
2012,Germany,Dem. Rep. of the Congo,G / NA,176,,249,9,15,83,12,119,308,
2012,France,Dem. Rep. of the Congo,G / FI,,,5321,331,21,3812,,4164,2338,
2012,France,Dem. Rep. of the Congo,G / RA,,,323,,,,,,,
2012,France,Dem. Rep. of the Congo,G / AR,,,3242,327,58,2201,,2586,,
2012,United Kingdom,Dem. Rep. of the Congo,G / RA,,,1,,,,,,,
2012,United Kingdom,Dem. Rep. of the Congo,G / AR,89,,92,32,,48,5,85,82,
2012,United Kingdom,Dem. Rep. of the Congo,G / FI,116,,265,65,18,125,15,223,153,
2012,Italy,Myanmar,G / FI,,,4,,,,,,2,
2012,United States of America,Myanmar,G / IN,62,,99,73,,5,50,128,41,
2012,United States of America,Myanmar,G / EO,,,37,54,,21,37,112,,
2012,Canada,Myanmar,G / FI,9,,4,,,2,,2,11,
2012,Germany,Myanmar,G / JR,13,,,,,,,,24,
2012,Germany,Myanmar,G / NA,84,,43,27,1,6,1,35,85,
2012,France,Myanmar,G / FI,,,601,3,,168,,171,,
2012,France,Myanmar,G / AR,,,162,15,,48,,63,,
2012,France,Myanmar,G / RA,,,8,,,,,,,
2012,United Kingdom,Myanmar,G / RA,,,2,,,1,,1,,
2012,United Kingdom,Myanmar,G / AR,46,,26,16,,9,4,29,33,
2012,United Kingdom,Myanmar,G / FI,33,,81,58,,34,2,94,22,
2012,Italy,Sudan,G / FI,,,66,125,152,122,,399,133,
2012,United States of America,Sudan,G / IN,54,,146,99,,9,33,141,80,
2012,United States of America,Sudan,G / EO,,,38,48,,30,39,117,,
2012,Canada,Sudan,G / FI,71,,94,47,,9,4,60,105,
2012,Germany,Sudan,G / JR,79,,,,,,,,82,
2012,Germany,Sudan,G / NA,85,,193,,20,48,24,92,180,
2012,Germany,Sudan,G / RA,5,,5,,1,,4,5,5,
2012,France,Sudan,G / FI,,,752,72,8,769,,849,,
2012,France,Sudan,G / AR,,,664,147,38,315,,500,,
2012,France,Sudan,G / RA,,,62,,,,,,,
2012,United Kingdom,Sudan,G / FI,188,,740,496,1,94,106,697,230,
2012,United Kingdom,Sudan,G / RA,,,30,2,,,11,13,,
2012,United Kingdom,Sudan,G / AR,71,,78,33,,31,13,77,58,
2012,Italy,Syrian Arab Rep.,G / FI,,,354,98,103,28,,229,507,
2012,United States of America,Syrian Arab Rep.,G / IN,116,,647,316,,21,89,426,367,
2012,United States of America,Syrian Arab Rep.,G / EO,,,57,46,,13,53,112,,
2012,Canada,Syrian Arab Rep.,G / FI,251,,350,155,,34,7,196,404,
2012,Germany,Syrian Arab Rep.,G / JR,1325,,,,,,,,2436,
2012,Germany,Syrian Arab Rep.,G / NA,2590,,6201,1708,3522,9,268,5507,3286,
2012,Germany,Syrian Arab Rep.,G / RA,798,,1729,279,1958,10,47,2294,264,
2012,France,Syrian Arab Rep.,G / FI,,,629,126,117,21,,264,,
2012,France,Syrian Arab Rep.,G / AR,,,30,36,6,5,,47,,
2012,France,Syrian Arab Rep.,G / RA,,,8,,,,,,,
2012,United Kingdom,Syrian Arab Rep.,G / FI,196,,1289,868,51,195,62,1176,313,
2012,United Kingdom,Syrian Arab Rep.,G / RA,,,16,1,1,3,3,8,,
2012,United Kingdom,Syrian Arab Rep.,G / AR,143,,168,102,,60,33,195,76,
2013,Canada,Afghanistan,G / FI,411,,368,275,,67,43,385,385,
2013,Germany,Afghanistan,G / RA,287,,505,109,60,12,174,355,446,
2013,Germany,Afghanistan,G / NA,8163,,7735,1180,1588,2243,760,5771,10163,
2013,Germany,Afghanistan,G / JR,5907,,,,,,,,5539,
2013,France,Afghanistan,G / FI,,,526,194,268,250,,712,385,
2013,France,Afghanistan,G / RA,,,64,,,,,,,
2013,France,Afghanistan,G / AR,210,,280,38,152,79,9,278,216,
2013,United Kingdom,Afghanistan,G / RA,,,131,2,2,2,17,23,,
2013,United Kingdom,Afghanistan,G / FI,1262,,1456,298,142,557,325,1322,1430,
2013,United Kingdom,Afghanistan,G / AR,,,594,176,,340,40,556,,
2013,Italy,Afghanistan,G / FI,1162,,2049,285,1317,162,,1764,1024,
2013,Italy,Afghanistan,G / RA,,,7,,,,,,,
2013,United States of America,Afghanistan,G / IN,130,,174,98,,3,31,132,191,
2013,United States of America,Afghanistan,G / EO,,,32,16,,10,12,38,47,
2013,Canada,Dem. Rep. of the Congo,G / FI,470,,279,211,,173,44,428,315,
2013,Germany,Dem. Rep. of the Congo,G / RA,25,,14,2,5,3,13,23,16,
2013,Germany,Dem. Rep. of the Congo,G / NA,308,,253,8,24,141,17,190,377,
2013,Germany,Dem. Rep. of the Congo,G / JR,140,,,,,,,,191,
2013,France,Dem. Rep. of the Congo,G / AR,1919,,3161,472,67,3166,124,3829,1272,
2013,France,Dem. Rep. of the Congo,G / FI,,,5263,433,28,2820,,3281,3291,
2013,France,Dem. Rep. of the Congo,G / RA,,,318,,,,,,,
2013,United Kingdom,Dem. Rep. of the Congo,G / FI,235,,237,69,9,90,21,189,277,
2013,United Kingdom,Dem. Rep. of the Congo,G / RA,,,8,2,,,2,4,,
2013,United Kingdom,Dem. Rep. of the Congo,G / AR,,,68,24,,28,11,63,,
2013,Italy,Dem. Rep. of the Congo,G / FI,26,,67,18,26,18,,62,31,
2013,Italy,Dem. Rep. of the Congo,G / RA,,,2,,,,,,,
2013,United States of America,Dem. Rep. of the Congo,G / IN,87,,230,50,,7,35,92,244,
2013,United States of America,Dem. Rep. of the Congo,G / EO,,,14,15,,8,12,35,25,
2013,Canada,Myanmar,G / FI,11,,,4,,,1,5,6,
2013,Germany,Myanmar,G / RA,,,,,,1,,1,,
2013,Germany,Myanmar,G / NA,85,,68,28,10,10,1,49,96,
2013,Germany,Myanmar,G / JR,24,,,,,,,,20,
2013,France,Myanmar,G / AR,137,,349,35,,158,6,199,280,
2013,France,Myanmar,G / RA,,,23,,,,,,,
2013,France,Myanmar,G / FI,,,276,21,,376,,397,254,
2013,United Kingdom,Myanmar,G / FI,55,,73,21,1,20,5,47,71,
2013,United Kingdom,Myanmar,G / RA,,,3,,,,,,,
2013,United Kingdom,Myanmar,G / AR,,,16,6,,11,4,21,,
2013,Italy,Myanmar,G / FI,2,,1,2,1,1,,4,,
2013,United States of America,Myanmar,G / EO,,,15,36,,7,20,63,40,
2013,United States of America,Myanmar,G / IN,41,,99,53,,1,28,82,62,
2013,Canada,Sudan,G / FI,105,,49,37,,6,12,55,100,
2013,Germany,Sudan,G / NA,180,,391,11,3,63,70,147,411,
2013,Germany,Sudan,G / RA,5,,11,,1,,7,8,8,
2013,Germany,Sudan,G / JR,82,,,,,,,,136,
2013,France,Sudan,G / AR,450,,611,104,71,399,35,609,466,
2013,France,Sudan,G / RA,,,58,,,,,,,
2013,France,Sudan,G / FI,,,840,87,6,699,,792,248,
2013,United Kingdom,Sudan,G / FI,288,,834,480,2,105,93,680,440,
2013,United Kingdom,Sudan,G / RA,,,12,,,1,5,6,,
2013,United Kingdom,Sudan,G / AR,,,77,36,,36,8,80,,
2013,Italy,Sudan,G / RA,,,5,,,,,,,
2013,Italy,Sudan,G / FI,133,,143,20,50,37,,107,110,
2013,United States of America,Sudan,G / EO,,,34,25,,30,30,85,36,
2013,United States of America,Sudan,G / IN,82,,148,67,,3,32,102,146,
2013,Canada,Syrian Arab Rep.,G / FI,404,,517,440,,35,14,489,435,
2013,Germany,Syrian Arab Rep.,G / NA,3286,,11851,2726,5465,8,369,8568,6497,
2013,Germany,Syrian Arab Rep.,G / RA,264,,1012,181,330,15,141,667,639,
2013,Germany,Syrian Arab Rep.,G / JR,2436,,,,,,,,3430,
2013,France,Syrian Arab Rep.,G / AR,29,,80,23,3,13,4,43,64,
2013,France,Syrian Arab Rep.,G / RA,,,11,,,,,,,
2013,France,Syrian Arab Rep.,G / FI,,,1303,474,361,46,,881,279,
2013,United Kingdom,Syrian Arab Rep.,G / FI,389,,2020,1444,11,110,175,1740,641,
2013,United Kingdom,Syrian Arab Rep.,G / RA,,,8,,,,1,1,,
2013,United Kingdom,Syrian Arab Rep.,G / AR,,,104,10,,67,11,88,,
2013,Italy,Syrian Arab Rep.,G / RA,,,1,,,,,,,
2013,Italy,Syrian Arab Rep.,G / FI,507,,634,246,149,383,,778,278,
2013,United States of America,Syrian Arab Rep.,G / EO,,,115,52,,5,108,165,186,
2013,United States of America,Syrian Arab Rep.,G / IN,370,,1468,576,,55,137,768,1192,
2014,United States of America,Afghanistan,G / IN,194,,273,155,,3,30,188,310,
2014,United States of America,Afghanistan,G / EO,98,,24,17,,6,5,28,102,
2014,Canada,Afghanistan,G / FI,385,,422,396,,73,59,528,179,
2014,Canada,Afghanistan,G / AR,,,,4,,15,,19,11,
2014,Germany,Afghanistan,G / RA,446,,558,196,70,15,130,411,627,
2014,Germany,Afghanistan,G / JR,5539,,,,,,,,6097,
2014,Germany,Afghanistan,G / NA,10163,,9115,1830,1307,1554,2185,6876,12299,
2014,France,Afghanistan,G / FI,385,,616,255,230,110,,595,355,
2014,France,Afghanistan,G / AR,216,,110,52,175,66,7,300,69,
2014,France,Afghanistan,G / RA,,,62,,,,,,,
2014,France,Afghanistan,G / RA,,,36,,,,,,,
2014,United Kingdom,Afghanistan,G / AR,,,550,171,,287,22,480,,
2014,United Kingdom,Afghanistan,G / RA,,,109,,,4,4,8,,
2014,United Kingdom,Afghanistan,G / FI,1430,,1715,437,91,703,290,1521,1894,
2014,Italy,Afghanistan,G / RA,,,16,,,,,,,
2014,Italy,Afghanistan,G / FI,1024,,3104,255,2143,119,3,2520,1778,
2014,United States of America,Dem. Rep. of the Congo,G / IN,247,,225,58,,9,43,110,384,
2014,United States of America,Dem. Rep. of the Congo,G / EO,80,,22,8,4,9,,21,84,
2014,Canada,Dem. Rep. of the Congo,G / FI,315,,301,142,,166,19,327,140,
2014,Canada,Dem. Rep. of the Congo,G / AR,,,,2,,21,,23,40,
2014,Germany,Dem. Rep. of the Congo,G / RA,16,,23,2,,,9,11,32,
2014,Germany,Dem. Rep. of the Congo,G / JR,191,,,,,,,,184,
2014,Germany,Dem. Rep. of the Congo,G / NA,377,,196,5,25,62,33,125,449,
2014,France,Dem. Rep. of the Congo,G / FI,3291,,5216,379,36,3706,,4121,3960,
2014,France,Dem. Rep. of the Congo,G / AR,1272,,2882,302,37,2097,275,2711,1830,
2014,France,Dem. Rep. of the Congo,G / RA,,,218,,,,,,,
2014,France,Dem. Rep. of the Congo,G / RA,,,277,,,,,,,
2014,United Kingdom,Dem. Rep. of the Congo,G / AR,,,103,33,,35,5,73,,
2014,United Kingdom,Dem. Rep. of the Congo,G / RA,,,4,,1,1,1,3,,
2014,United Kingdom,Dem. Rep. of the Congo,G / FI,277,,231,64,17,140,30,251,332,
2014,Italy,Dem. Rep. of the Congo,G / RA,,,1,,,,,,,
2014,Italy,Dem. Rep. of the Congo,G / FI,31,,87,36,36,7,,79,63,
2014,United States of America,Myanmar,G / IN,62,,120,39,,5,36,80,104,
2014,United States of America,Myanmar,G / EO,140,,17,30,5,8,6,49,138,
2014,Canada,Myanmar,G / FI,6,,4,,,6,1,7,4,
2014,Germany,Myanmar,G / NA,96,,62,10,4,,15,29,127,
2014,Germany,Myanmar,G / RA,,,1,,,,,,1,
2014,Germany,Myanmar,G / JR,20,,,,,,,,20,
2014,France,Myanmar,G / FI,254,,26,7,1,191,,199,38,
2014,France,Myanmar,G / AR,280,,182,39,1,305,47,392,128,
2014,France,Myanmar,G / RA,,,20,,,,,,,
2014,France,Myanmar,G / RA,,,27,,,,,,,
2014,United Kingdom,Myanmar,G / AR,,,38,9,,8,1,18,,
2014,United Kingdom,Myanmar,G / FI,71,,160,41,2,46,2,91,165,
2014,Italy,Myanmar,G / FI,,,6,3,1,,,4,4,
2014,United States of America,Sudan,G / IN,149,,202,76,,5,34,115,260,
2014,United States of America,Sudan,G / EO,127,,40,19,6,30,24,79,105,
2014,Canada,Sudan,G / AR,,,,,,4,,4,3,
2014,Canada,Sudan,G / FI,100,,81,61,,23,7,91,43,
2014,Germany,Sudan,G / NA,411,,753,41,18,36,345,440,667,
2014,Germany,Sudan,G / RA,8,,15,,1,,12,13,10,
2014,Germany,Sudan,G / JR,136,,,,,,,,345,
2014,France,Sudan,G / AR,466,,828,124,115,446,42,727,604,
2014,France,Sudan,G / RA,,,32,,,,,,,
2014,France,Sudan,G / RA,,,34,,,,,,,
2014,France,Sudan,G / FI,248,,1950,159,11,1110,,1280,892,
2014,United Kingdom,Sudan,G / AR,,,115,26,,28,6,60,,
2014,United Kingdom,Sudan,G / FI,440,,1601,881,3,154,121,1159,984,
2014,United Kingdom,Sudan,G / RA,,,13,,,,,,,
2014,Italy,Sudan,G / FI,110,,214,62,112,45,2,221,153,
2014,Italy,Sudan,G / RA,,,6,,,,,,,
2014,United States of America,Syrian Arab Rep.,G / IN,1202,,1564,652,,38,130,820,2091,
2014,United States of America,Syrian Arab Rep.,G / EO,421,,141,60,4,14,83,161,211,
2014,Canada,Syrian Arab Rep.,G / AR,,,,,,8,4,12,7,
2014,Canada,Syrian Arab Rep.,G / FI,435,,538,685,,27,18,730,177,
2014,Germany,Syrian Arab Rep.,G / NA,6497,,39332,19560,2998,10,2459,25027,20348,
2014,Germany,Syrian Arab Rep.,G / RA,639,,1768,947,354,9,366,1676,850,
2014,Germany,Syrian Arab Rep.,G / JR,3430,,,,,,,,8393,
2014,France,Syrian Arab Rep.,G / AR,64,,143,55,9,54,10,128,80,
2014,France,Syrian Arab Rep.,G / RA,,,1,,,,,,,
2014,France,Syrian Arab Rep.,G / RA,,,12,,,,,,,
2014,France,Syrian Arab Rep.,G / FI,279,,3142,884,520,63,,1467,1159,
2014,United Kingdom,Syrian Arab Rep.,G / AR,,,91,14,,54,5,73,,
2014,United Kingdom,Syrian Arab Rep.,G / FI,641,,2406,1391,31,112,183,1717,1329,
2014,United Kingdom,Syrian Arab Rep.,G / RA,,,7,2,,,1,3,,
2014,Italy,Syrian Arab Rep.,G / FI,278,,504,229,84,176,1,490,331,
2014,Italy,Syrian Arab Rep.,G / RA,,,3,,,,,,,
2015,Canada,Afghanistan,G / AR,11,,22,9,,16,,25,6,
2015,Canada,Afghanistan,G / FI,179,,463,292,,38,26,356,362,
2015,Germany,Afghanistan,G / JR,6097,,,237,404,295,1555,2491,3679,
2015,Germany,Afghanistan,G / RA,627,,520,158,133,10,173,474,909,
2015,Germany,Afghanistan,G / NA,12299,,31382,1550,1001,809,2132,5492,38014,
2015,France,Afghanistan,G / AR,69,,131,22,48,43,4,117,116,
2015,France,Afghanistan,G / FI,355,,2456,207,346,136,,689,1994,
2015,France,Afghanistan,G / RA,,,23,,,,,,,
2015,France,Afghanistan,G / RA,,,44,,,,,,,
2015,United Kingdom,Afghanistan,G / FI,1894,,2807,592,193,1040,485,2310,2536,
2015,United Kingdom,Afghanistan,G / RA,,,58,2,,2,5,9,,
2015,United Kingdom,Afghanistan,G / AR,,,777,261,,252,28,541,,
2015,Italy,Afghanistan,G / FI,1778,,3986,305,2973,152,14,3444,2690,
2015,United States of America,Afghanistan,G / EO,102,,40,13,,16,14,43,145,
2015,United States of America,Afghanistan,G / IN,311,,298,131,,1,39,171,464,
2015,Canada,Dem. Rep. of the Congo,G / AR,40,,96,19,,62,,81,53,
2015,Canada,Dem. Rep. of the Congo,G / FI,140,,274,102,,160,7,269,166,
2015,Germany,Dem. Rep. of the Congo,G / RA,32,,10,,,1,6,7,34,
2015,Germany,Dem. Rep. of the Congo,G / JR,184,,,3,,21,18,42,168,
2015,Germany,Dem. Rep. of the Congo,G / NA,449,,156,7,23,106,21,157,452,
2015,France,Dem. Rep. of the Congo,G / AR,1830,,4075,448,60,3087,263,3858,2462,
2015,France,Dem. Rep. of the Congo,G / FI,3960,,4005,465,68,4241,,4774,2132,
2015,France,Dem. Rep. of the Congo,G / RA,,,178,,,,,,,
2015,France,Dem. Rep. of the Congo,G / RA,,,248,,,,,,,
2015,United Kingdom,Dem. Rep. of the Congo,G / FI,332,,208,80,23,204,31,338,294,
2015,United Kingdom,Dem. Rep. of the Congo,G / RA,,,,1,,,,1,,
2015,United Kingdom,Dem. Rep. of the Congo,G / AR,,,176,60,,79,7,146,,
2015,Italy,Dem. Rep. of the Congo,G / FI,63,,117,42,47,22,,111,89,
2015,United States of America,Dem. Rep. of the Congo,G / EO,84,,17,13,,10,8,31,128,
2015,United States of America,Dem. Rep. of the Congo,G / IN,384,,291,81,,2,55,138,558,
2015,Canada,Myanmar,G / AR,,,3,3,,,,3,,
2015,Canada,Myanmar,G / FI,4,,4,2,,3,,5,3,
2015,Germany,Myanmar,G / RA,1,,2,,,,,,3,
2015,Germany,Myanmar,G / NA,127,,54,12,,,10,22,155,
2015,Germany,Myanmar,G / JR,20,,,,,,7,7,10,
2015,France,Myanmar,G / FI,38,,17,3,,65,,68,19,
2015,France,Myanmar,G / RA,,,48,,,,,,,
2015,France,Myanmar,G / RA,,,37,,,,,,,
2015,France,Myanmar,G / AR,128,,24,21,,134,36,191,32,
2015,United Kingdom,Myanmar,G / RA,,,,,,,,,,
2015,United Kingdom,Myanmar,G / FI,165,,175,56,,136,13,205,159,
2015,United Kingdom,Myanmar,G / AR,,,132,24,,32,2,58,,
2015,Italy,Myanmar,G / FI,4,,5,5,3,,,8,3,
2015,United States of America,Myanmar,G / IN,105,,155,39,,3,17,59,211,
2015,United States of America,Myanmar,G / EO,138,,20,18,,12,20,50,135,
2015,Canada,Sudan,G / AR,3,,17,2,,9,6,17,3,
2015,Canada,Sudan,G / FI,43,,92,72,,19,8,99,56,
2015,Germany,Sudan,G / RA,10,,48,2,8,2,26,38,37,
2015,Germany,Sudan,G / NA,667,,1032,46,87,47,261,441,1254,
2015,Germany,Sudan,G / JR,345,,,9,2,51,148,210,296,
2015,France,Sudan,G / FI,892,,5344,1163,36,2371,,3570,2508,
2015,France,Sudan,G / RA,,,24,,,,,,,
2015,France,Sudan,G / RA,,,16,,,,,,,
2015,France,Sudan,G / AR,604,,1620,153,231,530,51,965,1354,
2015,United Kingdom,Sudan,G / RA,,,16,,,4,1,5,,
2015,United Kingdom,Sudan,G / FI,984,,3014,2392,6,348,134,2880,1182,
2015,United Kingdom,Sudan,G / AR,,,319,74,,55,14,143,,
2015,Italy,Sudan,G / FI,153,,144,60,110,96,2,268,108,
2015,United States of America,Sudan,G / IN,262,,228,85,,1,24,110,395,
2015,United States of America,Sudan,G / EO,105,,24,17,,9,13,39,128,
2015,Canada,Syrian Arab Rep.,G / AR,7,,9,2,,8,,10,8,
2015,Canada,Syrian Arab Rep.,G / FI,177,,544,551,,13,6,570,227,
2015,Germany,Syrian Arab Rep.,G / RA,850,,3853,3481,85,1,116,3683,1553,
2015,Germany,Syrian Arab Rep.,G / NA,20348,,158657,97656,197,22,4062,101937,76359,
2015,Germany,Syrian Arab Rep.,G / JR,8393,,,227,15,50,3546,3838,3670,
2015,France,Syrian Arab Rep.,G / FI,1159,,5124,1587,735,74,,2396,2542,
2015,France,Syrian Arab Rep.,G / RA,,,12,,,,,,,
2015,France,Syrian Arab Rep.,G / RA,,,11,,,,,,,
2015,France,Syrian Arab Rep.,G / AR,80,,278,90,6,104,10,210,169,
2015,United Kingdom,Syrian Arab Rep.,G / AR,,,190,34,,55,3,92,,
2015,United Kingdom,Syrian Arab Rep.,G / RA,,,6,,,,1,1,,
2015,United Kingdom,Syrian Arab Rep.,G / FI,1329,,2846,2011,42,213,250,2516,1648,
2015,Italy,Syrian Arab Rep.,G / FI,331,,506,255,73,253,2,583,246,
2015,United States of America,Syrian Arab Rep.,G / IN,2109,,1004,581,,27,169,777,2464,
2015,United States of America,Syrian Arab Rep.,G / EO,488,,110,104,,26,62,192,654,
2016,Canada,Afghanistan,G / FI,286,,624,469,,84,22,575,456,
2016,Germany,Afghanistan,G / RA,909,,880,166,169,83,447,865,1474,
2016,Germany,Afghanistan,G / NA,38014,,127012,13647,24108,24734,4892,67381,101382,
2016,Germany,Afghanistan,G / JR,3679,,,268,594,702,2291,3855,23666,
2016,France,Afghanistan,G / RA,,,38,,,,,,,
2016,France,Afghanistan,G / FI,1994,,6087,741,2529,773,,4043,3699,
2016,France,Afghanistan,G / RA,,,21,4,4,10,2,20,,
2016,France,Afghanistan,G / AR,116,,611,48,88,77,7,220,481,
2016,United Kingdom,Afghanistan,G / AR,,,969,395,,388,24,807,,
2016,United Kingdom,Afghanistan,G / FI,2536,,3094,512,313,1097,619,2541,2793,
2016,United Kingdom,Afghanistan,G / RA,,,61,,,,6,6,,
2016,Italy,Afghanistan,G / FI,2690,,2851,380,3621,124,,4125,1926,
2016,United States of America,Afghanistan,G / EO,145,,48,27,,10,38,75,169,
2016,United States of America,Afghanistan,G / IN,468,,263,91,,1,38,130,615,
2016,Canada,Dem. Rep. of the Congo,G / FI,147,,417,162,,126,10,298,325,
2016,Germany,Dem. Rep. of the Congo,G / NA,452,,290,18,11,94,32,155,591,
2016,Germany,Dem. Rep. of the Congo,G / JR,168,,,1,6,45,33,85,133,
2016,Germany,Dem. Rep. of the Congo,G / RA,34,,25,,,2,11,13,60,
2016,France,Dem. Rep. of the Congo,G / AR,2462,,2172,508,92,2769,64,3433,1120,
2016,France,Dem. Rep. of the Congo,G / FI,2132,,3348,425,90,2780,,3295,1867,
2016,France,Dem. Rep. of the Congo,G / RA,,,450,,,,,,,
2016,France,Dem. Rep. of the Congo,G / RA,,,329,14,2,89,220,325,,
2016,United Kingdom,Dem. Rep. of the Congo,G / AR,,,85,32,,71,2,105,,
2016,United Kingdom,Dem. Rep. of the Congo,G / RA,,,3,,,,,,,
2016,United Kingdom,Dem. Rep. of the Congo,G / FI,294,,189,44,13,112,11,180,250,
2016,Italy,Dem. Rep. of the Congo,G / FI,89,,138,30,53,20,,103,111,
2016,United States of America,Dem. Rep. of the Congo,G / EO,128,,31,7,,6,18,31,186,
2016,United States of America,Dem. Rep. of the Congo,G / IN,561,,354,53,,,47,100,832,
2016,Canada,Myanmar,G / FI,3,,4,3,,,,3,5,
2016,Germany,Myanmar,G / NA,155,,131,11,6,2,11,30,236,
2016,Germany,Myanmar,G / RA,3,,2,,,,,,7,
2016,Germany,Myanmar,G / JR,10,,,,,,5,5,8,
2016,France,Myanmar,G / FI,19,,16,2,,44,,46,,
2016,France,Myanmar,G / RA,,,37,,,,,,,
2016,France,Myanmar,G / AR,32,,7,8,,11,2,21,17,
2016,France,Myanmar,G / RA,,,40,,,10,30,40,,
2016,United Kingdom,Myanmar,G / RA,,,,,,,,,,
2016,United Kingdom,Myanmar,G / FI,159,,79,8,,70,6,84,87,
2016,United Kingdom,Myanmar,G / AR,,,68,38,,80,1,119,,
2016,Italy,Myanmar,G / FI,3,,2,1,1,5,,7,,
2016,United States of America,Myanmar,G / EO,135,,28,12,,8,17,37,125,
2016,United States of America,Myanmar,G / IN,210,,196,13,,,11,24,385,
2016,Canada,Sudan,G / FI,39,,384,100,,30,4,134,334,
2016,Germany,Sudan,G / RA,37,,77,3,2,,30,35,72,
2016,Germany,Sudan,G / JR,296,,,19,2,30,171,222,337,
2016,Germany,Sudan,G / NA,1254,,2444,143,92,157,357,749,2899,
2016,France,Sudan,G / AR,1354,,2730,299,403,1127,48,1877,2088,
2016,France,Sudan,G / RA,,,67,,,,,,,
2016,France,Sudan,G / FI,2508,,6094,2115,341,3354,,5810,2914,
2016,France,Sudan,G / RA,,,36,2,,21,5,28,,
2016,United Kingdom,Sudan,G / RA,,,3,,,3,,3,,
2016,United Kingdom,Sudan,G / AR,,,138,159,,103,10,272,,
2016,United Kingdom,Sudan,G / FI,1182,,1436,1241,5,145,97,1488,1063,
2016,Italy,Sudan,G / FI,108,,502,62,105,58,,225,344,
2016,United States of America,Sudan,G / EO,128,,33,26,,12,4,42,130,
2016,United States of America,Sudan,G / IN,397,,280,54,,2,16,72,609,
2016,Canada,Syrian Arab Rep.,G / FI,151,,969,751,,25,23,799,380,
2016,Germany,Syrian Arab Rep.,G / NA,76359,,266250,164926,121182,158,5398,291664,57285,
2016,Germany,Syrian Arab Rep.,G / JR,3670,,,5799,299,843,2931,9872,42128,
2016,Germany,Syrian Arab Rep.,G / RA,1553,,2616,1594,1290,9,483,3376,1114,
2016,France,Syrian Arab Rep.,G / FI,2542,,6073,1916,1941,107,,3964,1794,
2016,France,Syrian Arab Rep.,G / RA,,,1,,4,1,,5,,
2016,France,Syrian Arab Rep.,G / AR,169,,545,138,11,168,13,330,355,
2016,France,Syrian Arab Rep.,G / RA,,,10,,,,,,,
2016,United Kingdom,Syrian Arab Rep.,G / FI,1648,,1588,1752,12,143,253,2160,1010,
2016,United Kingdom,Syrian Arab Rep.,G / AR,,,132,48,,93,8,149,,
2016,United Kingdom,Syrian Arab Rep.,G / RA,,,4,,,,1,1,,
2016,Italy,Syrian Arab Rep.,G / FI,246,,981,1101,67,16,,1184,548,
2016,United States of America,Syrian Arab Rep.,G / EO,654,,156,77,,16,91,184,786,
2016,United States of America,Syrian Arab Rep.,G / IN,2472,,652,501,,15,150,666,2578,
2017,United States of America,Afghanistan,G / AR,84,,,*,,,6,10,115,
2017,United States of America,Afghanistan,G / IN,618,,112,101,,35,32,168,600,
2017,United States of America,Afghanistan,G / EO,86,,65,24,,16,9,49,95,
2017,Canada,Afghanistan,G / AR,,,23,5,,22,,27,19,
2017,Canada,Afghanistan,G / FI,456,,738,294,,44,179,517,698,400
2017,Germany,Afghanistan,G / NA,101382,,16423,17718,32647,56309,5918,112592,7415,
2017,Germany,Afghanistan,G / RA,1474,,1859,214,590,413,1728,2945,499,
2017,Germany,Afghanistan,G / JR,23666,,,1018,6220,4589,7599,19426,79407,
2017,France,Afghanistan,G / RA,,,73,,,,,,,
2017,France,Afghanistan,G / RA,,,42,,,,,,,
2017,France,Afghanistan,G / AR,481,,1370,116,254,202,*,575,1250,
2017,France,Afghanistan,G / FI,3699,,6598,689,5001,1154,28,6872,3064,
2017,United Kingdom,Afghanistan,G / FI,2793,,1927,512,178,919,400,2009,2347,
2017,United Kingdom,Afghanistan,G / RA,,,72,,,*,5,8,,
2017,United Kingdom,Afghanistan,G / AR,,,832,568,,491,40,1099,,
2017,Italy,Afghanistan,G / FI,1468,,1010,361,1442,169,184,2156,322,
2017,United States of America,Dem. Rep. of the Congo,G / EO,62,,117,16,,32,,48,137,
2017,United States of America,Dem. Rep. of the Congo,G / AR,129,,,12,,,,12,199,
2017,United States of America,Dem. Rep. of the Congo,G / IN,832,,318,89,,84,22,195,988,
2017,Canada,Dem. Rep. of the Congo,G / AR,,,94,*,,37,*,42,89,
2017,Canada,Dem. Rep. of the Congo,G / FI,325,,559,136,,138,15,289,579,138
2017,Germany,Dem. Rep. of the Congo,G / RA,60,,36,,17,21,56,94,21,
2017,Germany,Dem. Rep. of the Congo,G / NA,591,,356,156,166,438,157,917,115,
2017,Germany,Dem. Rep. of the Congo,G / JR,133,,,*,*,43,68,119,582,
2017,France,Dem. Rep. of the Congo,G / RA,,,393,,,,,,,
2017,France,Dem. Rep. of the Congo,G / RA,,,288,,,,,,,
2017,France,Dem. Rep. of the Congo,G / FI,1867,,3835,485,103,2996,22,3606,1702,
2017,France,Dem. Rep. of the Congo,G / AR,1120,,2738,439,100,2156,16,2711,1148,
2017,United Kingdom,Dem. Rep. of the Congo,G / FI,250,,191,27,7,126,11,171,241,
2017,United Kingdom,Dem. Rep. of the Congo,G / RA,,,*,,,,,,,
2017,United Kingdom,Dem. Rep. of the Congo,G / AR,,,115,51,,75,5,131,,
2017,Italy,Dem. Rep. of the Congo,G / FI,151,,112,24,68,14,13,119,144,
2017,United States of America,Myanmar,G / AR,78,,,*,,,5,9,115,
2017,United States of America,Myanmar,G / EO,50,,35,6,,13,,19,56,
2017,United States of America,Myanmar,G / IN,385,,295,35,,24,20,79,608,
2017,Canada,Myanmar,G / FI,5,,5,*,,,,*,5,
2017,Germany,Myanmar,G / RA,7,,5,*,*,,*,8,*,
2017,Germany,Myanmar,G / NA,236,,113,137,37,46,39,259,56,
2017,Germany,Myanmar,G / JR,8,,,11,,*,13,28,73,
2017,France,Myanmar,G / RA,,,45,,,,,,,
2017,France,Myanmar,G / RA,,,38,,,,,,,
2017,France,Myanmar,G / AR,17,,26,*,,12,,13,30,
2017,United Kingdom,Myanmar,G / RA,,,,,,,,,,
2017,United Kingdom,Myanmar,G / FI,87,,54,7,,25,5,37,90,
2017,United Kingdom,Myanmar,G / AR,,,22,9,,30,*,40,,
2017,Italy,Myanmar,G / FI,23,,14,*,,*,,*,35,
2017,United States of America,Sudan,G / EO,51,,64,12,,19,17,48,68,
2017,United States of America,Sudan,G / AR,81,,,11,,,10,21,131,
2017,United States of America,Sudan,G / IN,611,,193,53,,41,44,138,704,
2017,Canada,Sudan,G / FI,334,,666,361,,37,15,413,589,
2017,Canada,Sudan,G / AR,,,27,5,,5,,10,20,
2017,Germany,Sudan,G / RA,72,,160,6,16,15,165,202,88,
2017,Germany,Sudan,G / NA,2899,,1475,642,587,743,1426,3398,729,
2017,Germany,Sudan,G / JR,337,,,55,13,55,340,463,1473,
2017,France,Sudan,G / RA,,,99,,,,,,,
2017,France,Sudan,G / RA,,,61,,,,,,,
2017,France,Sudan,G / FI,2914,,4724,3244,450,2518,78,6290,1699,
2017,France,Sudan,G / AR,2088,,2533,500,550,1354,15,2419,2133,
2017,United Kingdom,Sudan,G / FI,1063,,1832,924,10,298,262,1494,1415,
2017,United Kingdom,Sudan,G / AR,,,271,103,,87,10,200,,
2017,United Kingdom,Sudan,G / RA,,,10,,,,,,,
2017,Italy,Sudan,G / FI,534,,468,78,114,80,184,456,546,
2017,United States of America,Syrian Arab Rep.,G / EO,373,,113,94,,23,16,133,333,
2017,United States of America,Syrian Arab Rep.,G / AR,423,,5,61,,6,43,110,465,
2017,United States of America,Syrian Arab Rep.,G / IN,2593,,459,466,,96,113,675,2560,
2017,Canada,Syrian Arab Rep.,G / FI,380,,1267,343,,13,442,798,802,17
2017,Canada,Syrian Arab Rep.,G / AR,,,7,,,8,,8,*,
2017,Germany,Syrian Arab Rep.,G / RA,1114,,1448,679,957,26,974,2636,380,
2017,Germany,Syrian Arab Rep.,G / NA,57285,,48974,34201,55274,107,7309,96891,11776,
2017,Germany,Syrian Arab Rep.,G / JR,42128,,,18594,476,11688,9414,40172,58677,
2017,France,Syrian Arab Rep.,G / RA,,,19,,,,,,,
2017,France,Syrian Arab Rep.,G / RA,,,5,,,,,,,
2017,France,Syrian Arab Rep.,G / FI,1794,,5805,1051,2446,175,89,3761,1769,
2017,France,Syrian Arab Rep.,G / AR,355,,1207,438,26,419,5,888,625,
2017,United Kingdom,Syrian Arab Rep.,G / FI,1010,,793,839,6,97,110,1052,574,
2017,United Kingdom,Syrian Arab Rep.,G / AR,,,95,62,,96,7,165,,
2017,United Kingdom,Syrian Arab Rep.,G / RA,,,7,*,,,,*,,
2017,Italy,Syrian Arab Rep.,G / FI,1196,,1690,1009,22,82,77,1190,1696,